<?xml version="1.0" encoding="UTF-8" ?>
<!DOCTYPE mapper PUBLIC "-//mybatis.org//DTD Mapper 3.0//EN" "http://mybatis.org/dtd/mybatis-3-mapper.dtd" >
<mapper namespace="com.qqc.webservice.mapper.assets.VBpmStoreScrapMapper">

	<resultMap id="baseColumnMap" type="com.qqc.webservice.entity.VBpmStoreScrapEntity">
		<result column="order_Date" property="orderDate" jdbcType="DATE"/>
		<result column="store_No" property="storeNo" jdbcType="VARCHAR"/>
		<result column="store_Name" property="storeName" jdbcType="VARCHAR"/>
		<result column="asset_No" property="assetNo" jdbcType="VARCHAR"/>
		<result column="asset_Name" property="assetName" jdbcType="VARCHAR"/>
		<result column="asset_Format" property="assetFormat" jdbcType="VARCHAR"/>
		<result column="asset_Remain" property="assetRemain" jdbcType="NUMERIC"/>
		<result column="asset_Status" property="assetStatus" jdbcType="VARCHAR"/>
		<result column="order_No" property="orderNo" jdbcType="VARCHAR"/>
		<result column="dept_No" property="deptNo" jdbcType="VARCHAR"/>
		<result column="dept_Name" property="deptName" jdbcType="VARCHAR"/>
	</resultMap>
	
	<select id="queryBpmStoreScrapInfo" resultMap="baseColumnMap">
		select 
			order_Date,store_No,store_Name,asset_No,asset_Name,asset_Format,
			asset_Remain,asset_Status,order_No,dept_No,dept_Name 
		from 
			assets.V_BPM_STORE_SCRAP 
		where 
			order_date <![CDATA[>= ]]>  to_date(#{orderDateBegin},'yyyy/mm/dd') 
		 	and order_date <![CDATA[<= ]]> to_date(#{orderDateEnd},'yyyy/mm/dd') 
			and store_no in 
			<foreach collection="storeNo" item="item" index="index" open="("
			close=")" separator=",">
				#{item}
			</foreach>
	</select>
	
</mapper>