<?xml version="1.0" encoding="UTF-8" ?>
<!DOCTYPE mapper PUBLIC "-//mybatis.org//DTD Mapper 3.0//EN" "http://mybatis.org/dtd/mybatis-3-mapper.dtd" >
<mapper namespace="com.qqc.webservice.mapper.jde.VBpmStoreAssetMapper">

	<resultMap id="baseColumnMap" type="com.qqc.webservice.entity.VBpmStoreAssetEntity">
		<result column="store_No" property="storeNo" jdbcType="VARCHAR"/>
		<result column="asset_No" property="assetNo" jdbcType="NUMERIC"/>
		<result column="asset_Name" property="assetName" jdbcType="VARCHAR"/>
		<result column="asset_Format" property="assetFormat" jdbcType="VARCHAR"/>
		<result column="asset_Status" property="assetStatus" jdbcType="VARCHAR"/>
		<result column="asset_Join_Date" property="assetJoinDate" jdbcType="DATE"/>
		<result column="asset_Value" property="assetValue" jdbcType="NUMERIC"/>
		<result column="asset_Lose" property="assetLose" jdbcType="NUMERIC"/>
		<result column="asset_Remain" property="assetRemain" jdbcType="NUMERIC"/>
	</resultMap>
	
	<select id="queryBpmStoreAssetInfo" resultMap="baseColumnMap">
		select 
			store_No,asset_No,asset_Name,asset_Format,asset_Status,
			asset_Join_Date,asset_Value,asset_Lose,asset_Remain 
		from 
			psft.V_BPM_STORE_ASSET 
		where 
			store_No = #{storeNo, jdbcType=VARCHAR}
	</select>
	
</mapper>